,salmonella_NC,shigella_NC,ecoli_NC,bacillus_NC,staphylococus_NC
salmonella_NC,0.0,0.26284494899079525,0.2273931736576533,0.39566113680804416,0.7036380705144759
shigella_NC,0.26284494899079525,0.0,0.24369510321711244,0.2117549833803853,0.4691385934381693
ecoli_NC,0.2273931736576533,0.24369510321711244,0.0,0.32719014416179154,0.5980816743122318
bacillus_NC,0.39566113680804416,0.2117549833803853,0.32719014416179154,0.0,0.4081025457911533
staphylococus_NC,0.7036380705144759,0.4691385934381693,0.5980816743122318,0.4081025457911533,0.0
