,salmonella_NC,shigella_NC,ecoli_NC,bacillus_NC,staphylococus_NC
salmonella_NC,0.0,0.021319978096556547,0.01824229357037024,0.03198851690751326,0.05643988463071127
shigella_NC,0.021319978096556547,0.0,0.019939921238111703,0.017334227061285977,0.037941549195044846
ecoli_NC,0.01824229357037024,0.019939921238111703,0.0,0.026826648530636907,0.04937760796561482
bacillus_NC,0.03198851690751326,0.017334227061285977,0.026826648530636907,0.0,0.034316621667428715
staphylococus_NC,0.05643988463071127,0.037941549195044846,0.04937760796561482,0.034316621667428715,0.0
