,salmonella_NC,shigella_NC,staphylococus_NC,ecoli_NC,bacillus_NC
salmonella_NC,2.220446049250313e-16,0.049834530325407966,0.28160026931064097,0.036422548861344994,0.10741109024933115
shigella_NC,0.049834530325407966,0.0,0.1198625138963274,0.044604654763431784,0.03126882480669879
staphylococus_NC,0.28160026931064097,0.1198625138963274,1.1102230246251565e-16,0.21379733474592333,0.097280278393022
ecoli_NC,0.036422548861344994,0.044604654763431784,0.21379733474592333,-2.220446049250313e-16,0.07625522546724006
bacillus_NC,0.10741109024933115,0.03126882480669879,0.097280278393022,0.07625522546724006,0.0
