,orthologs_Human,orthologs_Chimp,orthologs_Chicken,orthologs_Zebrafish,orthologs_Horse,orthologs_Mouse
orthologs_Human,0.0,0.09523809523809527,0.6158730158730147,0.6431013431013416,0.4317460317460308,0.44444444444444364
orthologs_Chimp,0.09523809523809527,0.0,0.6031746031746019,0.6496336996336982,0.41904761904761817,0.4253968253968248
orthologs_Chicken,0.6158730158730147,0.6031746031746019,0.0,0.7131868131868117,0.5777777777777766,0.6285714285714271
orthologs_Zebrafish,0.6431013431013416,0.6496336996336982,0.7131868131868117,0.0,0.7071428571428556,0.6885836385836371
orthologs_Horse,0.4317460317460308,0.41904761904761817,0.5777777777777766,0.7071428571428556,0.0,0.4444444444444436
orthologs_Mouse,0.44444444444444364,0.4253968253968248,0.6285714285714271,0.6885836385836371,0.4444444444444436,0.0
